{
    "opts": {
        "template": "../../../node_modules/ink-docstrap/template",
        "destination": "."
    },
    "tags": {
        "allowUnknownTags": true,
        "dictionaries": ["jsdoc","closure"]
    },
    "source": {
        "includePattern": ".+\\.js(doc)?$",
        "excludePattern": "(^|\\/|\\\\)_"
    },
    "plugins": ["plugins/markdown"],
    "markdown": {
        "excludeTags": ["author"]
    },
    "templates": {
        "cleverLinks": false,
        "monospaceLinks": false,
        "systemName"            : "vidjil javascript doc",
        "copyright"             : "voodooj 2015",
        "navType"               : "vertical",
        "theme"                 : "yeti",
        "linenums"              : true,
        "collapseSymbols"       : true,
        "inverseNav"            : true,
        "outputSourceFiles"     : true ,
        "outputSourcePath"      : true,
        "dateFormat"            : "dddd, MMMM Do YYYY, h:mm:ss a",
        "highlightTutorialCode" : true,
        "syntaxTheme"           : "default"
    }
}
